4.83357e-07;1.01122e-11
4.83846e-07;7.85547e-12
4.84334e-07;2.53599e-11
4.84823e-07;-1.61823e-11
4.85312e-07;3.67220e-11
4.85801e-07;1.96607e-12
4.86289e-07;3.65480e-12
4.86778e-07;1.20072e-11
4.87267e-07;-1.78469e-11
4.87756e-07;9.83017e-12
4.88244e-07;2.02180e-11
4.88733e-07;1.23044e-11
4.89222e-07;1.12293e-11
4.89711e-07;3.65749e-12
4.90199e-07;1.70159e-11
4.90688e-07;5.71587e-12
4.91177e-07;2.48759e-11
4.91665e-07;1.20497e-11
4.92154e-07;1.04045e-11
4.92643e-07;2.00062e-11
4.93132e-07;8.50969e-12
4.93620e-07;-7.61153e-12
4.94109e-07;3.11332e-11
4.94598e-07;4.61495e-11
4.95087e-07;8.91713e-13
4.95575e-07;2.20989e-11
4.96064e-07;2.35970e-11
4.96553e-07;-4.06181e-12
4.97042e-07;-6.46425e-12
4.97530e-07;9.28293e-13
4.98019e-07;1.72989e-11
4.98508e-07;-6.12405e-12
4.98997e-07;1.65969e-13
4.99485e-07;1.14480e-11
4.99974e-07;-1.11023e-11
5.00463e-07;1.17996e-11
5.00951e-07;2.20999e-11
5.01440e-07;2.10500e-11
5.01929e-07;-5.03328e-13
5.02418e-07;1.63778e-11
5.02906e-07;-1.81130e-12
5.03395e-07;-9.24685e-12
5.03884e-07;2.93821e-11
5.04373e-07;1.37145e-12
5.04861e-07;3.89791e-11
5.05350e-07;-1.97632e-12
5.05839e-07;4.11011e-12
5.06328e-07;1.54705e-11
5.06816e-07;-1.53491e-12
5.07305e-07;-4.62659e-13
5.07794e-07;1.44807e-11
5.08282e-07;-1.71486e-11
5.08771e-07;3.01965e-11
5.09260e-07;1.38220e-11
5.09749e-07;2.43796e-11
5.10237e-07;3.05048e-11
5.10726e-07;-7.47176e-12
5.11215e-07;1.47088e-11
5.11704e-07;2.07482e-11
5.12192e-07;9.88650e-12
5.12681e-07;1.11353e-12
5.13170e-07;1.18947e-11
5.13659e-07;2.09133e-11
5.14147e-07;3.02886e-12
5.14636e-07;-2.07461e-12
5.15125e-07;3.04252e-11
5.15613e-07;3.47382e-11
5.16102e-07;2.63736e-12
5.16591e-07;1.01531e-11
5.17080e-07;8.47580e-12
5.17568e-07;2.26571e-11
5.18057e-07;7.41418e-12
5.18546e-07;2.98376e-11
5.19035e-07;-1.80864e-11
5.19523e-07;2.01198e-11
5.20012e-07;3.12688e-11
5.20501e-07;3.22856e-11
5.20990e-07;-1.99689e-11
5.21478e-07;1.96623e-11
5.21967e-07;1.28107e-11
5.22456e-07;1.83761e-11
5.22945e-07;1.59716e-11
5.23433e-07;2.86389e-11
5.23922e-07;-5.93262e-12
5.24411e-07;2.25605e-11
5.24899e-07;2.10162e-11
5.25388e-07;-2.51947e-13
5.25877e-07;1.09089e-11
5.26366e-07;2.27331e-11
5.26854e-07;2.60611e-11
5.27343e-07;9.82701e-12
5.27832e-07;1.35479e-11
5.28321e-07;1.29912e-11
5.28809e-07;3.87066e-11
5.29298e-07;-4.95491e-12
5.29787e-07;2.09488e-11
5.30276e-07;2.26268e-12
5.30764e-07;2.02046e-11
5.31253e-07;2.79354e-11
5.31742e-07;2.61172e-11
5.32230e-07;-1.04858e-11
5.32719e-07;2.84744e-11
5.33208e-07;9.88369e-12
5.33697e-07;-1.61798e-11
5.34185e-07;2.56084e-11
5.34674e-07;8.46528e-12
5.35163e-07;3.22709e-11
5.35652e-07;1.14291e-11
5.36140e-07;1.87808e-11
5.36629e-07;3.45196e-11
5.37118e-07;2.35270e-11
5.37607e-07;-6.65217e-12
5.38095e-07;9.00930e-12
5.38584e-07;5.10522e-11
5.39073e-07;3.88218e-11
5.39561e-07;6.45213e-12
5.40050e-07;3.46315e-11
5.40539e-07;1.94336e-11
5.41028e-07;8.41105e-12
5.41516e-07;1.82184e-11
5.42005e-07;1.77833e-11
5.42494e-07;2.42275e-11
5.42983e-07;4.12722e-11
5.43471e-07;-1.62064e-11
5.43960e-07;-5.27197e-12
5.44449e-07;1.74989e-11
5.44938e-07;2.03528e-14
5.45426e-07;-3.38422e-12
5.45915e-07;1.86838e-11
5.46404e-07;5.21451e-12
5.46893e-07;1.59105e-11
5.47381e-07;5.61641e-12
5.47870e-07;5.61337e-12
5.48359e-07;3.63950e-11
5.48847e-07;1.24517e-11
5.49336e-07;2.11454e-11
5.49825e-07;-9.68615e-12
5.50314e-07;7.36322e-12
5.50802e-07;2.28835e-11
5.51291e-07;2.21949e-11
5.51780e-07;2.20070e-11
5.52269e-07;3.24649e-11
5.52757e-07;1.98991e-12
5.53246e-07;-1.03666e-11
5.53735e-07;7.83104e-12
5.54224e-07;1.90862e-11
5.54712e-07;8.57806e-12
5.55201e-07;-4.51439e-13
5.55690e-07;2.51317e-11
5.56178e-07;3.82227e-12
5.56667e-07;-1.49822e-12
5.57156e-07;7.46934e-12
5.57645e-07;-1.36227e-11
5.58133e-07;2.17460e-11
5.58622e-07;1.36107e-11
5.59111e-07;9.14626e-12
5.59600e-07;2.56335e-11
5.60088e-07;2.48402e-11
5.60577e-07;-3.85320e-12
5.61066e-07;2.33607e-11
5.61555e-07;2.98311e-11
5.62043e-07;2.52995e-12
5.62532e-07;5.31782e-12
5.63021e-07;3.70561e-11
5.63509e-07;2.80423e-11
5.63998e-07;1.05546e-11
5.64487e-07;2.11313e-13
5.64976e-07;3.50450e-11
5.65464e-07;5.26836e-11
5.65953e-07;3.13624e-11
5.66442e-07;2.35534e-11
5.66931e-07;2.24674e-11
5.67419e-07;1.75584e-11
5.67908e-07;5.85248e-12
5.68397e-07;2.26113e-11
5.68886e-07;1.77566e-11
5.69374e-07;4.68510e-12
5.69863e-07;1.62949e-11
5.70352e-07;2.85435e-11
5.70841e-07;-2.01946e-11
5.71329e-07;4.64374e-11
5.71818e-07;7.05329e-12
5.72307e-07;2.79190e-11
5.72795e-07;1.36682e-11
5.73284e-07;1.52776e-11
5.73773e-07;1.88191e-11
5.74262e-07;-1.79206e-11
5.74750e-07;8.94911e-12
5.75239e-07;3.16682e-11
5.75728e-07;1.81726e-11
5.76217e-07;2.87135e-11
5.76705e-07;1.09612e-11
5.77194e-07;2.20912e-11
5.77683e-07;4.88588e-12
5.78172e-07;3.56356e-11
5.78660e-07;5.60356e-12
5.79149e-07;-1.27984e-11
5.79638e-07;-8.13346e-12
5.80126e-07;3.40410e-11
5.80615e-07;3.52868e-11
5.81104e-07;1.23448e-11
5.81593e-07;1.78880e-11
5.82081e-07;3.67521e-11
5.82570e-07;6.97452e-12
5.83059e-07;7.63751e-12
5.83548e-07;8.50653e-12
5.84036e-07;8.59757e-12
5.84525e-07;3.30631e-11
5.85014e-07;4.26087e-12
5.85503e-07;8.95495e-12
5.85991e-07;4.43529e-11
5.86480e-07;2.20254e-11
5.86969e-07;-1.22487e-11
5.87457e-07;2.66519e-11
5.87946e-07;2.45586e-11
5.88435e-07;2.91960e-11
5.88924e-07;1.17032e-11
5.89412e-07;2.45195e-11
5.89901e-07;1.87197e-11
5.90390e-07;1.87548e-11
5.90879e-07;2.64123e-11
5.91367e-07;2.58245e-11
5.91856e-07;3.49038e-11
5.92345e-07;-5.58623e-12
5.92834e-07;3.14379e-11
5.93322e-07;1.72936e-11
5.93811e-07;1.72252e-11
5.94300e-07;2.07922e-11
5.94789e-07;2.68240e-11
5.95277e-07;2.74402e-11
5.95766e-07;2.39497e-11
5.96255e-07;3.19306e-12
5.96743e-07;2.42409e-11
5.97232e-07;1.68484e-11
5.97721e-07;3.09747e-11
5.98210e-07;8.81471e-12
5.98698e-07;2.32062e-11
5.99187e-07;3.00119e-11
5.99676e-07;1.70957e-11
6.00165e-07;2.29807e-11
6.00653e-07;2.41583e-11
6.01142e-07;1.59270e-11
6.01631e-07;4.47193e-12
6.02120e-07;1.92790e-11
6.02608e-07;9.77197e-12
6.03097e-07;1.83279e-11
6.03586e-07;2.70732e-11
6.04074e-07;8.65858e-12
6.04563e-07;4.39025e-11
6.05052e-07;4.79764e-12
6.05541e-07;8.78573e-12
6.06029e-07;2.44363e-11
6.06518e-07;1.67592e-11
6.07007e-07;-3.53626e-12
6.07496e-07;2.87403e-11
6.07984e-07;5.32097e-12
6.08473e-07;2.75374e-11
6.08962e-07;-4.23922e-12
6.09451e-07;1.69607e-11
6.09939e-07;1.31649e-11
6.10428e-07;1.83506e-12
6.10917e-07;2.28392e-11
6.11406e-07;2.39706e-11
6.11894e-07;-5.79600e-12
6.12383e-07;9.98876e-12
6.12872e-07;8.39481e-12
6.13360e-07;4.32039e-11
6.13849e-07;-6.31699e-12
6.14338e-07;2.82049e-12
6.14827e-07;7.87557e-12
6.15315e-07;3.00721e-11
6.15804e-07;-6.32116e-13
6.16293e-07;2.40592e-11
6.16782e-07;1.48428e-11
6.17270e-07;4.89371e-12
6.17759e-07;-2.51096e-11
6.18248e-07;4.05342e-11
6.18737e-07;1.50389e-11
6.19225e-07;3.26252e-11
6.19714e-07;-6.55447e-12
6.20203e-07;1.21724e-11
6.20691e-07;2.91994e-12
6.21180e-07;3.77642e-11
6.21669e-07;1.48958e-11
6.22158e-07;-5.60995e-12
6.22646e-07;-1.53012e-12
6.23135e-07;1.94501e-11
6.23624e-07;1.97546e-11
6.24113e-07;2.31585e-11
6.24601e-07;3.08308e-11
6.25090e-07;-1.82381e-12
6.25579e-07;2.56055e-11
6.26068e-07;4.87314e-12
6.26556e-07;2.53230e-11
6.27045e-07;2.43565e-11
6.27534e-07;3.14347e-11
6.28022e-07;1.14462e-11
6.28511e-07;2.37251e-11
6.29000e-07;2.76512e-11
6.29489e-07;-8.31343e-12
6.29977e-07;5.79978e-12
6.30466e-07;2.33996e-11
6.30955e-07;2.07482e-11
6.31444e-07;1.65205e-11
6.31932e-07;3.27666e-11
6.32421e-07;-8.56727e-12
6.32910e-07;2.43560e-11
6.33399e-07;3.98114e-11
6.33887e-07;1.71237e-11
6.34376e-07;3.30092e-11
6.34865e-07;-7.62626e-12
6.35354e-07;1.24929e-11
6.35842e-07;1.47371e-11
6.36331e-07;1.13972e-11
6.36820e-07;1.23279e-11
6.37308e-07;8.66921e-12
6.37797e-07;1.49742e-11
6.38286e-07;-1.82171e-12
6.38775e-07;2.70509e-11
6.39263e-07;-3.28768e-12
6.39752e-07;1.31885e-11
6.40241e-07;-9.56655e-13
6.40730e-07;3.70432e-11
6.41218e-07;5.06877e-12
6.41707e-07;1.68486e-11
6.42196e-07;-1.51918e-11
6.42685e-07;2.76918e-12
6.43173e-07;3.68263e-11
6.43662e-07;-3.87856e-12
6.44151e-07;-2.06689e-12
6.44639e-07;3.09826e-11
6.45128e-07;-5.24007e-12
6.45617e-07;1.08683e-11
6.46106e-07;-6.25073e-12
6.46594e-07;1.70102e-11
6.47083e-07;5.39390e-12
6.47572e-07;1.81215e-11
6.48061e-07;1.43592e-11
6.48549e-07;3.46604e-11
6.49038e-07;8.72671e-12
6.49527e-07;4.43507e-11
6.50016e-07;9.86920e-12
6.50504e-07;-1.75774e-11
6.50993e-07;3.88604e-11
6.51482e-07;1.60900e-11
6.51970e-07;1.80287e-11
6.52459e-07;2.11310e-11
6.52948e-07;1.60016e-12
6.53437e-07;2.56895e-11
6.53925e-07;3.46209e-12
6.54414e-07;-5.88120e-12
6.54903e-07;1.39952e-11
6.55392e-07;5.06211e-12
6.55880e-07;1.39915e-12
6.56369e-07;1.55478e-11
6.56858e-07;2.21518e-11
6.57347e-07;4.81861e-13
6.57835e-07;1.11334e-11
6.58324e-07;6.21349e-12
6.58813e-07;1.62519e-11
6.59302e-07;2.27741e-11
6.59790e-07;-4.67665e-12
6.60279e-07;4.72810e-11
6.60768e-07;4.99391e-13
6.61256e-07;1.05879e-11
6.61745e-07;-1.05930e-11
6.62234e-07;3.27294e-11
6.62723e-07;3.46314e-12
6.63211e-07;1.98442e-12
6.63700e-07;2.25176e-11
6.64189e-07;2.23623e-11
6.64678e-07;1.17233e-11
6.65166e-07;2.05088e-11
6.65655e-07;-1.44867e-12
6.66144e-07;-3.28294e-11
6.66633e-07;3.41501e-11
6.67121e-07;1.96294e-11
6.67610e-07;3.54717e-12
6.68099e-07;1.60827e-13
6.68587e-07;5.08432e-12
6.69076e-07;2.74406e-11
6.69565e-07;1.11002e-12
6.70054e-07;9.86932e-12
6.70542e-07;1.99233e-11
6.71031e-07;-1.05046e-11
6.71520e-07;3.10986e-11
6.72009e-07;9.83356e-12
6.72497e-07;3.59824e-12
6.72986e-07;-9.66523e-12
6.73475e-07;1.61416e-11
6.73964e-07;4.27525e-12
6.74452e-07;6.24457e-12
6.74941e-07;2.03210e-12
6.75430e-07;8.14097e-12
6.75918e-07;2.99840e-11
6.76407e-07;-3.80541e-12
6.76896e-07;9.53368e-12
6.77385e-07;-2.99162e-13
6.77873e-07;7.52123e-12
6.78362e-07;2.50826e-11
6.78851e-07;1.51411e-11
6.79340e-07;2.66527e-11
6.79828e-07;-1.08555e-11
6.80317e-07;2.96689e-11
6.80806e-07;1.64460e-11
6.81295e-07;-2.41577e-11
6.81783e-07;4.93692e-11
6.82272e-07;9.13878e-12
6.82761e-07;6.72548e-12
6.83250e-07;-6.84238e-13
6.83738e-07;1.05406e-11
6.84227e-07;3.03617e-11
6.84716e-07;-1.12604e-11
6.85204e-07;4.39025e-11
6.85693e-07;3.89562e-11
6.86182e-07;-3.52551e-12
6.86671e-07;1.91547e-12
6.87159e-07;-1.77135e-11
6.87648e-07;3.64302e-11
6.88137e-07;-1.29373e-11
6.88626e-07;1.34750e-11
6.89114e-07;6.34555e-12
6.89603e-07;-1.67409e-11
6.90092e-07;1.78899e-11
6.90581e-07;2.32139e-11
6.91069e-07;8.93555e-12
6.91558e-07;-6.97764e-12
6.92047e-07;-5.66499e-12
6.92535e-07;7.52263e-12
6.93024e-07;1.15295e-11
6.93513e-07;-1.37194e-11
6.94002e-07;1.66831e-11
6.94490e-07;6.70795e-12
6.94979e-07;-1.58542e-11
6.95468e-07;8.02831e-12
6.95957e-07;-2.15728e-11
6.96445e-07;-1.31392e-11
6.96934e-07;3.67528e-11
6.97423e-07;-1.05784e-11
6.97912e-07;-9.69118e-12
6.98400e-07;2.77753e-11
6.98889e-07;-6.96666e-12
6.99378e-07;2.46157e-11
6.99866e-07;3.08484e-12
7.00355e-07;-3.43213e-12
7.00844e-07;1.74248e-11
7.01333e-07;-1.51414e-11
7.01821e-07;1.69296e-11
7.02310e-07;1.58450e-11
7.02799e-07;1.49072e-11
7.03288e-07;1.53600e-11
7.03776e-07;7.85792e-12
7.04265e-07;2.64412e-11
7.04754e-07;-1.24667e-11
7.05243e-07;-6.52093e-12
7.05731e-07;-3.99220e-11
7.06220e-07;1.67753e-11
7.06709e-07;1.09839e-11
7.07198e-07;6.86385e-12
7.07686e-07;5.04622e-12
7.08175e-07;1.72433e-11
7.08664e-07;1.03044e-11
7.09152e-07;-2.47390e-13
7.09641e-07;-2.12988e-12
7.10130e-07;1.45378e-11
7.10619e-07;-3.10304e-12
7.11107e-07;-4.26446e-12
7.11596e-07;-1.65617e-11
7.12085e-07;-4.03809e-12
7.12574e-07;8.48024e-12
7.13062e-07;-1.26236e-11
7.13551e-07;-2.77233e-11
7.14040e-07;-2.31117e-11
7.14529e-07;-9.24183e-12
7.15017e-07;1.41186e-11
7.15506e-07;-3.57483e-12
7.15995e-07;-2.39214e-11
7.16483e-07;-1.41490e-11
7.16972e-07;1.56151e-11
7.17461e-07;1.30410e-11
7.17950e-07;-1.59076e-11
7.18438e-07;9.38806e-12
7.18927e-07;1.10082e-11
7.19416e-07;-7.76124e-12
7.19905e-07;8.06361e-12
7.20393e-07;2.37885e-11
7.20882e-07;-1.75158e-12
7.21371e-07;4.06890e-11
7.21860e-07;-5.24556e-12
7.22348e-07;-1.00084e-11
7.22837e-07;-3.51289e-12
7.23326e-07;-3.41589e-12
7.23814e-07;-2.81471e-11
7.24303e-07;-4.79254e-13
7.24792e-07;1.21700e-11
7.25281e-07;-4.13941e-12
7.25769e-07;-1.32977e-13
7.26258e-07;-2.17827e-12
7.26747e-07;-6.55073e-12
7.27236e-07;-4.17040e-11
7.27724e-07;2.43763e-11
7.28213e-07;6.80296e-12
7.28702e-07;9.82292e-12
7.29191e-07;-1.89416e-11
7.29679e-07;1.35429e-11
7.30168e-07;1.03032e-11
7.30657e-07;-1.42754e-11
7.31146e-07;-1.22206e-12
7.31634e-07;1.77114e-12
7.32123e-07;-4.06732e-11
7.32612e-07;1.90266e-11
7.33100e-07;-7.25883e-12
7.33589e-07;1.45257e-11
7.34078e-07;-2.32080e-13
7.34567e-07;-1.10724e-11
7.35055e-07;-2.01046e-11
7.35544e-07;2.83709e-11
7.36033e-07;1.68060e-11
7.36522e-07;-2.30401e-11
7.37010e-07;-7.97195e-12
7.37499e-07;-2.65304e-11
7.37988e-07;-1.48603e-11
7.38477e-07;-1.04163e-11
7.38965e-07;-1.18385e-11
7.39454e-07;6.85560e-13
7.39943e-07;-2.46804e-11
7.40431e-07;-3.13889e-11
7.40920e-07;7.13066e-12
7.41409e-07;1.17509e-11
7.41898e-07;-2.45270e-11
7.42386e-07;-3.53509e-12
7.42875e-07;-1.90632e-11
7.43364e-07;7.27522e-12
7.43853e-07;-2.59547e-11
7.44341e-07;-1.53108e-11
7.44830e-07;2.59365e-12
7.45319e-07;-3.35040e-11
7.45808e-07;-1.18934e-12
7.46296e-07;-2.20309e-11
7.46785e-07;-3.95476e-12
7.47274e-07;1.34760e-11
7.47762e-07;3.24378e-12
7.48251e-07;4.93484e-12
7.48740e-07;-1.86043e-11
7.49229e-07;-1.36243e-11
7.49717e-07;-1.99835e-11
7.50206e-07;-2.29402e-11
7.50695e-07;-4.84435e-12
7.51184e-07;-2.74877e-11
7.51672e-07;-2.25379e-11
7.52161e-07;-1.70037e-11
7.52650e-07;-1.72541e-12
7.53139e-07;-2.93365e-11
7.53627e-07;1.05234e-11
7.54116e-07;-4.49047e-11
7.54605e-07;-1.99553e-11
7.55094e-07;1.11363e-11
7.55582e-07;-1.11548e-12
7.56071e-07;-1.33522e-11
7.56560e-07;-2.59738e-11
7.57048e-07;3.07362e-12
7.57537e-07;-1.40984e-11
7.58026e-07;-1.28286e-11
7.58515e-07;-3.96107e-12
7.59003e-07;-1.14547e-11
7.59492e-07;-1.16056e-11
7.59981e-07;-1.95622e-12
7.60470e-07;-1.76830e-12
7.60958e-07;-8.57638e-12
7.61447e-07;5.98478e-12
7.61936e-07;-2.75784e-11
7.62425e-07;-2.64542e-11
7.62913e-07;1.85251e-11
7.63402e-07;-8.74759e-12
7.63891e-07;-2.46299e-11
7.64379e-07;-1.85978e-11
7.64868e-07;-1.74104e-11
7.65357e-07;1.68458e-11
7.65846e-07;-2.12143e-11
7.66334e-07;-1.66319e-11
7.66823e-07;-1.41661e-11
7.67312e-07;-2.30506e-11
7.67801e-07;4.27852e-12
7.68289e-07;-9.21245e-13
7.68778e-07;-8.36953e-12
7.69267e-07;3.09092e-12
7.69756e-07;-4.08686e-11
7.70244e-07;-2.43673e-11
7.70733e-07;2.31948e-12
7.71222e-07;1.10535e-12
7.71710e-07;-3.64730e-11
7.72199e-07;-5.70644e-13
7.72688e-07;-3.80161e-11
7.73177e-07;-2.34298e-11
7.73665e-07;-2.99529e-11
7.74154e-07;-5.16469e-12
7.74643e-07;-1.28875e-11
7.75132e-07;-2.93383e-11
7.75620e-07;2.31866e-12
7.76109e-07;-2.51279e-11
7.76598e-07;5.04774e-12
7.77087e-07;-8.78471e-13
7.77575e-07;-1.82241e-12
7.78064e-07;-6.99833e-12
7.78553e-07;2.49517e-11
7.79042e-07;4.50127e-12
7.79530e-07;-1.14997e-11
7.80019e-07;-4.22563e-11
7.80508e-07;5.13878e-12
7.80996e-07;-2.13018e-11
7.81485e-07;-3.14769e-11
7.81974e-07;-1.58517e-12
7.82463e-07;-1.38929e-11
7.82951e-07;-3.31033e-11
7.83440e-07;-2.12000e-11
7.83929e-07;-4.09427e-11
7.84418e-07;3.72691e-12
7.84906e-07;-2.35204e-11
7.85395e-07;-3.14984e-11
7.85884e-07;-4.37186e-12
7.86373e-07;-2.96900e-11
7.86861e-07;-1.24129e-11
7.87350e-07;7.84780e-13
7.87839e-07;-1.99433e-11
7.88327e-07;-5.90819e-12
7.88816e-07;-2.34112e-11
7.89305e-07;-9.68814e-12
7.89794e-07;-3.61818e-12
7.90282e-07;-1.97074e-11
7.90771e-07;3.79562e-12
7.91260e-07;-2.01914e-11
7.91749e-07;-3.09011e-11
7.92237e-07;-5.28985e-12
7.92726e-07;-2.49395e-11
7.93215e-07;-1.70654e-11
7.93704e-07;-1.36727e-11
7.94192e-07;-2.34989e-11
7.94681e-07;-2.00147e-11
7.95170e-07;-2.31401e-11
7.95658e-07;-2.07493e-11
7.96147e-07;-8.82181e-12
7.96636e-07;-1.58218e-11
7.97125e-07;-2.25135e-11
7.97613e-07;-2.33478e-11
7.98102e-07;2.13652e-11
7.98591e-07;-2.91695e-11
7.99080e-07;-2.40335e-12
7.99568e-07;-2.60997e-12
8.00057e-07;-2.55995e-11
8.00546e-07;-1.50762e-11
8.01035e-07;-2.74340e-11
8.01523e-07;-1.78812e-11
8.02012e-07;1.59981e-12
8.02501e-07;-1.62746e-11
8.02990e-07;-1.09844e-11
8.03478e-07;-4.01027e-12
8.03967e-07;-1.48186e-12
8.04456e-07;-3.43312e-11
8.04944e-07;6.41613e-12
8.05433e-07;-1.67205e-11
8.05922e-07;8.68574e-13
8.06411e-07;1.36976e-11
8.06899e-07;-2.68463e-11
8.07388e-07;-2.69810e-11
8.07877e-07;-1.04118e-11
8.08366e-07;-9.78970e-12
8.08854e-07;-1.42809e-11
8.09343e-07;-1.94961e-11
8.09832e-07;-1.74107e-11
8.10321e-07;-9.90434e-12
8.10809e-07;1.88206e-11
8.11298e-07;-1.29661e-11
8.11787e-07;-2.06401e-11
8.12275e-07;2.40502e-12
8.12764e-07;-1.40476e-11
8.13253e-07;-3.67751e-11
8.13742e-07;-2.62011e-11
8.14230e-07;-8.98811e-12
8.14719e-07;-5.24611e-11
8.15208e-07;1.06356e-11
8.15697e-07;-3.10373e-11
8.16185e-07;-3.39642e-11
8.16674e-07;4.06535e-12
8.17163e-07;-2.13553e-11
8.17652e-07;-1.10262e-11
8.18140e-07;2.02968e-11
8.18629e-07;-5.05544e-11
8.19118e-07;-5.15849e-12
8.19606e-07;-2.32201e-11
8.20095e-07;-8.08601e-12
8.20584e-07;-8.14316e-12
8.21073e-07;-1.59451e-11
8.21561e-07;-1.90667e-11
8.22050e-07;-9.00949e-12
8.22539e-07;-9.49005e-12
8.23028e-07;-1.00704e-11
8.23516e-07;-2.61986e-11
8.24005e-07;-2.54031e-11
8.24494e-07;-3.11265e-11
8.24983e-07;3.08410e-11
8.25471e-07;-2.40569e-11
8.25960e-07;-1.92754e-11
8.26449e-07;2.72234e-11
8.26938e-07;-1.43885e-12
8.27426e-07;-2.88842e-11
8.27915e-07;2.00710e-11
8.28404e-07;-1.74104e-11
8.28892e-07;-2.15178e-11
8.29381e-07;4.24498e-12
8.29870e-07;-3.22843e-11
8.30359e-07;-9.66243e-12
8.30847e-07;-6.09880e-12
8.31336e-07;1.63749e-13
8.31825e-07;-1.85730e-11
8.32314e-07;-2.46233e-11
8.32802e-07;-3.19596e-11
8.33291e-07;8.90704e-12
8.33780e-07;-3.42711e-12
8.34269e-07;-2.73981e-12
8.34757e-07;4.71210e-12
8.35246e-07;-8.33599e-12
8.35735e-07;-7.87635e-12
8.36223e-07;-2.62388e-12
8.36712e-07;-1.08965e-11
8.37201e-07;1.21937e-11
8.37690e-07;-1.43306e-11
8.38178e-07;-1.12494e-11
8.38667e-07;4.68779e-12
8.39156e-07;-1.87882e-11
8.39645e-07;-5.54480e-11
8.40133e-07;-2.60699e-11
8.40622e-07;-3.41493e-11
8.41111e-07;-1.44352e-11
8.41600e-07;1.47301e-12
8.42088e-07;-4.00822e-11
8.42577e-07;-6.55984e-12
8.43066e-07;8.41900e-12
8.43554e-07;-7.96307e-12
8.44043e-07;-2.00496e-11
8.44532e-07;-1.13311e-11
8.45021e-07;1.28027e-11
8.45509e-07;-1.37028e-11
8.45998e-07;-2.29185e-11
8.46487e-07;-2.67693e-11
8.46976e-07;-2.47266e-11
8.47464e-07;-3.16591e-12
8.47953e-07;-1.41939e-11
8.48442e-07;-1.72679e-11
8.48931e-07;1.38245e-11
8.49419e-07;-1.43075e-11
8.49908e-07;1.60530e-11
8.50397e-07;-9.59652e-12
8.50886e-07;1.94292e-11
8.51374e-07;-1.24704e-11
8.51863e-07;-1.01875e-11
8.52352e-07;-8.34627e-12
8.52840e-07;-7.25906e-12
8.53329e-07;2.20698e-11
8.53818e-07;-1.64044e-12
8.54307e-07;-1.98198e-11
8.54795e-07;2.19480e-11
8.55284e-07;1.72390e-11
8.55773e-07;1.66933e-11
8.56262e-07;-1.46012e-11
8.56750e-07;9.77524e-12
8.57239e-07;-2.26036e-11
8.57728e-07;-4.17830e-11
8.58217e-07;2.87301e-11
8.58705e-07;-2.02470e-12
8.59194e-07;-1.49461e-11
8.59683e-07;-9.66313e-12
8.60171e-07;1.40393e-11
8.60660e-07;1.01323e-11
8.61149e-07;4.97283e-12
8.61638e-07;-2.02655e-11
8.62126e-07;2.45856e-11
8.62615e-07;-4.93586e-12
8.63104e-07;-1.29194e-11
8.63593e-07;-4.45799e-12
8.64081e-07;-1.61651e-11
8.64570e-07;1.37259e-11
8.65059e-07;2.12571e-12
8.65548e-07;1.43328e-11
8.66036e-07;1.83674e-11
8.66525e-07;-1.29984e-11
8.67014e-07;-5.64185e-12
8.67503e-07;3.64254e-11
8.67991e-07;-6.19611e-13
8.68480e-07;-1.46479e-12
8.68969e-07;-6.40359e-12
8.69457e-07;5.01104e-12
8.69946e-07;-1.90351e-12
8.70435e-07;6.41976e-12
8.70924e-07;-6.35019e-12
8.71412e-07;-1.52869e-11
8.71901e-07;-8.31023e-13
8.72390e-07;-8.53338e-12
8.72879e-07;7.96700e-13
8.73367e-07;-9.32749e-12
8.73856e-07;-6.23203e-12
8.74345e-07;-1.34601e-11
8.74834e-07;3.65725e-11
8.75322e-07;-1.97202e-11
8.75811e-07;-3.86840e-12
8.76300e-07;1.11689e-11
8.76788e-07;-1.43209e-11
8.77277e-07;3.18725e-11
8.77766e-07;-1.00001e-12
8.78255e-07;-2.86252e-12
8.78743e-07;-6.83507e-12
8.79232e-07;-4.93013e-12
8.79721e-07;7.68402e-12
8.80210e-07;1.63864e-11
8.80698e-07;1.50729e-11
8.81187e-07;8.12594e-13
8.81676e-07;-2.19920e-11
8.82165e-07;2.57117e-11
8.82653e-07;6.48871e-12
8.83142e-07;-2.38874e-12
8.83631e-07;-1.03888e-11
8.84119e-07;-5.13582e-12
8.84608e-07;-9.69305e-12
8.85097e-07;4.65121e-12
8.85586e-07;-4.82823e-12
8.86074e-07;3.82519e-12
8.86563e-07;-7.48824e-12
8.87052e-07;2.32738e-11
8.87541e-07;-7.80273e-12
8.88029e-07;2.17686e-11
8.88518e-07;1.86369e-11
8.89007e-07;6.17426e-13
8.89496e-07;2.49957e-11
8.89984e-07;-1.12390e-11
8.90473e-07;-4.52998e-12
8.90962e-07;-3.47175e-12
8.91451e-07;9.85495e-12
8.91939e-07;-7.13506e-12
8.92428e-07;-2.98209e-11
8.92917e-07;-2.75557e-11
8.93405e-07;1.14736e-11
8.93894e-07;-1.27676e-11
8.94383e-07;6.07792e-12
8.94872e-07;-3.75936e-12
8.95360e-07;-9.86964e-12
8.95849e-07;1.79977e-12
8.96338e-07;2.47982e-12
8.96827e-07;-4.09150e-12
8.97315e-07;2.08598e-12
8.97804e-07;1.51289e-11
8.98293e-07;6.85555e-12
8.98782e-07;-3.62660e-12
8.99270e-07;2.10771e-11
8.99759e-07;-4.13509e-12
9.00248e-07;1.95672e-11
9.00736e-07;7.11663e-12
9.01225e-07;1.19702e-11
9.01714e-07;5.80146e-13
9.02203e-07;1.37463e-11
9.02691e-07;-1.46631e-11
9.03180e-07;-7.60838e-12
9.03669e-07;1.12458e-11
9.04158e-07;-1.73865e-11
9.04646e-07;-1.00826e-11
9.05135e-07;-2.10604e-11
9.05624e-07;2.95727e-11
9.06113e-07;1.15917e-11
9.06601e-07;-1.16287e-11
9.07090e-07;-1.62531e-11
9.07579e-07;-2.07248e-11
9.08067e-07;1.94726e-12
9.08556e-07;2.48913e-11
9.09045e-07;3.31273e-12
9.09534e-07;1.11636e-11
9.10022e-07;1.92950e-11
9.10511e-07;-5.09982e-12
9.11000e-07;-8.54635e-12
9.11489e-07;2.30915e-11
9.11977e-07;-6.92786e-12
9.12466e-07;-1.68754e-12
9.12955e-07;1.12647e-11
9.13444e-07;6.56226e-13
9.13932e-07;-3.33280e-12
9.14421e-07;-7.92224e-13
9.14910e-07;-6.58193e-12
9.15399e-07;2.72898e-11
9.15887e-07;7.52263e-12
9.16376e-07;1.14334e-11
9.16865e-07;4.30544e-11
9.17353e-07;-3.77035e-12
9.17842e-07;-4.44876e-12
9.18331e-07;-9.47613e-14
9.18820e-07;1.98689e-11
9.19308e-07;3.45905e-12
9.19797e-07;-1.02451e-11
9.20286e-07;5.66328e-12
9.20775e-07;8.30026e-12
9.21263e-07;1.45206e-11
9.21752e-07;-1.20286e-11
9.22241e-07;-2.53720e-11
9.22730e-07;7.30573e-12
9.23218e-07;-3.76836e-12
9.23707e-07;-2.78351e-11
9.24196e-07;-1.59094e-11
9.24684e-07;2.56780e-11
9.25173e-07;5.12534e-12
9.25662e-07;-5.82662e-12
9.26151e-07;-7.27086e-12
9.26639e-07;-1.52895e-11
9.27128e-07;1.91598e-11
9.27617e-07;2.20582e-11
9.28106e-07;4.72145e-11
9.28594e-07;1.12904e-11
9.29083e-07;2.64997e-11
9.29572e-07;5.21802e-11
9.30061e-07;9.10529e-13
9.30549e-07;3.93598e-11
9.31038e-07;2.08188e-11
9.31527e-07;1.48322e-13
9.32015e-07;-6.50698e-13
9.32504e-07;2.62174e-11
9.32993e-07;-5.63624e-12
9.33482e-07;-4.13901e-11
9.33970e-07;-3.06973e-12
9.34459e-07;2.15207e-11
9.34948e-07;4.93728e-11
9.35437e-07;-1.07731e-11
9.35925e-07;4.12261e-11
9.36414e-07;-5.13196e-12
9.36903e-07;2.53153e-11
9.37392e-07;-4.06614e-12
9.37880e-07;4.32851e-11
9.38369e-07;-1.34792e-11
9.38858e-07;1.84446e-11
9.39347e-07;1.82355e-11
9.39835e-07;1.33590e-11
9.40324e-07;1.90031e-11
9.40813e-07;1.05913e-11
9.41301e-07;-1.01830e-11
9.41790e-07;-1.42330e-11
9.42279e-07;1.29631e-11
9.42768e-07;7.65387e-12
9.43256e-07;-1.15399e-11
9.43745e-07;1.86322e-11
9.44234e-07;1.32546e-11
9.44723e-07;2.95325e-12
9.45211e-07;-7.79501e-12
9.45700e-07;2.91936e-12
9.46189e-07;1.22434e-11
9.46678e-07;4.45653e-11
9.47166e-07;1.51034e-11
9.47655e-07;1.10608e-11
9.48144e-07;2.47128e-11
9.48632e-07;5.08713e-11
9.49121e-07;1.36475e-11
9.49610e-07;7.29591e-12
9.50099e-07;-3.06819e-11
9.50587e-07;1.39022e-11
9.51076e-07;-1.25970e-11
9.51565e-07;-1.52210e-11
9.52054e-07;2.76318e-11
9.52542e-07;2.65771e-11
9.53031e-07;1.41200e-11
9.53520e-07;-2.64861e-11
9.54009e-07;-1.41699e-12
9.54497e-07;2.32934e-11
9.54986e-07;-1.30173e-11
9.55475e-07;-7.08832e-12
9.55963e-07;2.69521e-11
9.56452e-07;1.04754e-11
9.56941e-07;2.75813e-11
9.57430e-07;4.31814e-12
9.57918e-07;1.55446e-11
9.58407e-07;1.34592e-11
9.58896e-07;-3.03116e-12
9.59385e-07;-1.49231e-11
9.59873e-07;7.35493e-12
9.60362e-07;9.05885e-12
9.60851e-07;-9.96558e-12
9.61340e-07;1.67472e-11
9.61828e-07;-1.13160e-11
9.62317e-07;1.91358e-11
9.62806e-07;-3.62239e-12
9.63295e-07;5.54584e-11
9.63783e-07;1.41394e-11
9.64272e-07;-2.09662e-11
9.64761e-07;7.51940e-13
9.65249e-07;1.89135e-11
9.65738e-07;6.56315e-12
9.66227e-07;3.75122e-11
9.66716e-07;1.85174e-11
9.67204e-07;3.26647e-11
9.67693e-07;3.33694e-11
9.68182e-07;2.89307e-11
9.68671e-07;4.60762e-11
9.69159e-07;-1.81777e-11
9.69648e-07;-3.87167e-12
9.70137e-07;1.01745e-11
9.70626e-07;2.71363e-11
9.71114e-07;1.02586e-11
9.71603e-07;1.50368e-11
9.72092e-07;2.94365e-11
9.72580e-07;-4.93516e-12
9.73069e-07;1.37430e-11
9.73558e-07;9.44486e-12
9.74047e-07;3.51003e-11
9.74535e-07;2.42784e-11
9.75024e-07;2.81486e-11
9.75513e-07;9.29363e-12
9.76002e-07;4.89815e-12
9.76490e-07;2.37435e-11
9.76979e-07;-6.45992e-12
9.77468e-07;4.09985e-11
9.77957e-07;5.56382e-12
9.78445e-07;1.81823e-11
9.78934e-07;-1.11569e-11
9.79423e-07;4.52160e-11
9.79911e-07;1.40412e-11
9.80400e-07;1.33917e-11
9.80889e-07;3.69045e-11
9.81378e-07;1.95984e-11
9.81866e-07;3.65461e-13
9.82355e-07;5.68478e-12
9.82844e-07;2.12452e-11
9.83333e-07;8.99656e-12
9.83821e-07;2.72046e-11
9.84310e-07;3.71502e-11
9.84799e-07;-7.84176e-12
9.85288e-07;3.15583e-11
9.85776e-07;2.35250e-11
9.86265e-07;-6.36339e-12
9.86754e-07;-4.31740e-12
9.87243e-07;-5.13909e-12
9.87731e-07;3.15023e-11
9.88220e-07;1.71591e-11
9.88709e-07;1.98065e-11
9.89197e-07;2.24799e-11
9.89686e-07;3.10363e-11
9.90175e-07;-1.07130e-12
9.90664e-07;2.29883e-11
9.91152e-07;1.49345e-11
9.91641e-07;-2.00535e-11
9.92130e-07;7.09910e-12
9.92619e-07;1.84260e-11
9.93107e-07;4.00376e-11
9.93596e-07;2.10618e-11
9.94085e-07;2.94154e-11
9.94574e-07;2.32001e-11
9.95062e-07;2.94589e-11
9.95551e-07;3.60474e-11
9.96040e-07;1.02764e-11
9.96528e-07;3.19920e-11
9.97017e-07;1.41227e-11
9.97506e-07;3.23715e-11
9.97995e-07;3.50141e-11
9.98483e-07;2.93342e-11
9.98972e-07;4.12239e-11
9.99461e-07;4.77412e-11
9.99950e-07;4.70409e-11
1.00044e-06;2.77951e-11
1.00093e-06;5.07894e-12
1.00142e-06;3.21811e-11
1.00190e-06;6.48064e-12
1.00239e-06;-2.69548e-11
1.00288e-06;3.38203e-12
1.00337e-06;3.14917e-11
1.00386e-06;4.11965e-11
1.00435e-06;2.50985e-12
1.00484e-06;3.10321e-11
1.00533e-06;-9.08857e-13
1.00581e-06;1.82948e-11
1.00630e-06;-7.57982e-13
1.00679e-06;3.65683e-11
1.00728e-06;2.69667e-11
1.00777e-06;3.92808e-11
1.00826e-06;3.53920e-11
1.00875e-06;5.08739e-11
1.00924e-06;3.53726e-11
1.00972e-06;5.05972e-11
1.01021e-06;4.24499e-11
1.01070e-06;2.05174e-12
1.01119e-06;9.32355e-12
1.01168e-06;-9.62947e-12
1.01217e-06;2.47542e-13
1.01266e-06;2.40584e-11
1.01315e-06;-2.27515e-12
1.01363e-06;1.28688e-11
1.01412e-06;1.53353e-11
1.01461e-06;9.65557e-12
1.01510e-06;3.20630e-11
1.01559e-06;2.84411e-11
1.01608e-06;2.44787e-11
1.01657e-06;3.49036e-11
1.01706e-06;1.80663e-11
1.01754e-06;5.36080e-11
1.01803e-06;5.94634e-11
1.01852e-06;1.04224e-10
1.01901e-06;4.80659e-11
1.01950e-06;4.34876e-11
1.01999e-06;3.69190e-11
1.02048e-06;5.24512e-11
1.02097e-06;7.18697e-11
1.02145e-06;7.05325e-11
1.02194e-06;4.26014e-11
1.02243e-06;7.30101e-11
1.02292e-06;3.77289e-11
1.02341e-06;3.65801e-11
1.02390e-06;3.64314e-11
1.02439e-06;5.07949e-11
1.02488e-06;3.99379e-11
1.02536e-06;3.39993e-11
1.02585e-06;6.74640e-11
1.02634e-06;7.39280e-11
1.02683e-06;4.35885e-11
1.02732e-06;-6.56545e-12
1.02781e-06;3.87759e-11
1.02830e-06;4.71140e-11
1.02878e-06;5.07558e-11
1.02927e-06;2.56995e-11
1.02976e-06;5.50295e-11
1.03025e-06;2.59103e-11
1.03074e-06;6.38820e-11
1.03123e-06;5.33877e-11
1.03172e-06;8.50204e-11
1.03221e-06;5.54011e-11
1.03269e-06;6.43898e-11
1.03318e-06;5.61549e-11
1.03367e-06;4.73550e-11
1.03416e-06;7.63548e-11
1.03465e-06;8.14083e-11
1.03514e-06;6.43403e-11
1.03563e-06;6.06188e-11
1.03612e-06;5.34788e-11
1.03660e-06;8.17210e-11
1.03709e-06;8.29640e-11
1.03758e-06;5.35965e-11
1.03807e-06;9.56384e-11
1.03856e-06;9.77114e-11
1.03905e-06;6.89131e-11
1.03954e-06;8.37793e-11
1.04003e-06;1.11700e-10
1.04051e-06;8.12291e-11
1.04100e-06;7.22963e-11
1.04149e-06;1.02322e-10
1.04198e-06;1.14509e-10
1.04247e-06;1.10882e-10
1.04296e-06;6.73864e-11
1.04345e-06;6.80841e-11
1.04394e-06;8.13342e-11
1.04442e-06;7.43652e-11
1.04491e-06;1.12987e-10
1.04540e-06;1.22250e-10
1.04589e-06;1.24210e-10
1.04638e-06;1.32341e-10
1.04687e-06;1.51778e-10
1.04736e-06;1.10579e-10
1.04785e-06;1.19084e-10
1.04833e-06;1.46147e-10
1.04882e-06;1.31212e-10
1.04931e-06;1.46681e-10
1.04980e-06;1.30787e-10
1.05029e-06;1.04739e-10
1.05078e-06;1.30400e-10
1.05127e-06;1.17646e-10
1.05176e-06;1.28771e-10
1.05224e-06;1.57333e-10
1.05273e-06;1.74498e-10
1.05322e-06;1.57563e-10
1.05371e-06;1.42183e-10
1.05420e-06;1.68390e-10
1.05469e-06;1.91538e-10
1.05518e-06;1.75456e-10
1.05567e-06;1.72861e-10
1.05615e-06;1.93505e-10
1.05664e-06;1.94548e-10
1.05713e-06;1.97248e-10
1.05762e-06;2.20284e-10
1.05811e-06;2.10903e-10
1.05860e-06;2.33997e-10
1.05909e-06;2.21037e-10
1.05958e-06;2.43146e-10
1.06006e-06;2.57150e-10
1.06055e-06;2.71517e-10
1.06104e-06;2.48065e-10
1.06153e-06;2.33980e-10
1.06202e-06;2.53588e-10
1.06251e-06;2.55835e-10
1.06300e-06;2.42802e-10
1.06349e-06;2.63534e-10
1.06397e-06;2.80531e-10
1.06446e-06;3.07410e-10
1.06495e-06;3.01678e-10
1.06544e-06;3.00141e-10
1.06593e-06;3.19695e-10
1.06642e-06;3.08601e-10
1.06691e-06;3.09916e-10
1.06740e-06;2.92424e-10
1.06788e-06;3.22106e-10
1.06837e-06;3.21448e-10
1.06886e-06;3.39911e-10
1.06935e-06;3.34239e-10
1.06984e-06;3.53263e-10
1.07033e-06;3.39165e-10
1.07082e-06;3.70625e-10
1.07130e-06;3.32370e-10
1.07179e-06;3.29210e-10
1.07228e-06;3.68793e-10
1.07277e-06;3.53528e-10
1.07326e-06;3.57451e-10
1.07375e-06;3.72719e-10
1.07424e-06;3.87018e-10
1.07473e-06;4.14628e-10
1.07521e-06;3.79969e-10
1.07570e-06;4.29471e-10
1.07619e-06;4.13060e-10
1.07668e-06;4.56149e-10
1.07717e-06;4.37855e-10
1.07766e-06;4.37188e-10
1.07815e-06;4.52017e-10
1.07864e-06;4.56184e-10
1.07912e-06;4.66823e-10
1.07961e-06;4.90076e-10
1.08010e-06;4.94102e-10
1.08059e-06;4.83236e-10
1.08108e-06;5.04432e-10
1.08157e-06;4.83342e-10
1.08206e-06;5.04146e-10
1.08255e-06;5.21122e-10
1.08303e-06;5.06147e-10
1.08352e-06;4.79731e-10
1.08401e-06;4.96103e-10
1.08450e-06;5.44781e-10
1.08499e-06;5.43968e-10
1.08548e-06;5.81592e-10
1.08597e-06;6.01901e-10
1.08646e-06;6.00239e-10
1.08694e-06;6.11589e-10
1.08743e-06;6.22005e-10
1.08792e-06;6.01584e-10
1.08841e-06;6.11614e-10
1.08890e-06;6.25375e-10
1.08939e-06;6.03228e-10
1.08988e-06;6.41736e-10
1.09037e-06;6.40237e-10
1.09085e-06;6.64680e-10
1.09134e-06;6.52536e-10
1.09183e-06;6.66647e-10
1.09232e-06;6.53307e-10
1.09281e-06;6.91075e-10
1.09330e-06;6.92734e-10
1.09379e-06;7.15179e-10
1.09428e-06;7.15795e-10
1.09476e-06;7.15712e-10
1.09525e-06;7.45593e-10
1.09574e-06;7.77981e-10
1.09623e-06;7.92996e-10
1.09672e-06;8.09835e-10
1.09721e-06;7.94076e-10
1.09770e-06;8.19165e-10
1.09819e-06;8.22948e-10
1.09867e-06;8.28444e-10
1.09916e-06;8.29510e-10
1.09965e-06;8.41989e-10
1.10014e-06;8.47078e-10
1.10063e-06;8.23042e-10
1.10112e-06;8.61863e-10
1.10161e-06;8.86277e-10
1.10210e-06;8.87272e-10
1.10258e-06;8.86358e-10
1.10307e-06;8.93926e-10
1.10356e-06;9.15218e-10
1.10405e-06;8.95257e-10
1.10454e-06;9.23864e-10
1.10503e-06;9.28090e-10
1.10552e-06;9.38610e-10
1.10601e-06;9.54943e-10
1.10649e-06;9.80666e-10
1.10698e-06;9.70509e-10
1.10747e-06;9.77882e-10
1.10796e-06;9.91297e-10
1.10845e-06;9.97463e-10
1.10894e-06;1.02599e-09
1.10943e-06;1.04379e-09
1.10991e-06;1.05355e-09
1.11040e-06;1.04835e-09
1.11089e-06;1.05724e-09
1.11138e-06;1.05898e-09
1.11187e-06;1.05716e-09
1.11236e-06;1.06699e-09
1.11285e-06;1.07813e-09
1.11334e-06;1.12889e-09
1.11382e-06;1.09816e-09
1.11431e-06;1.12138e-09
1.11480e-06;1.13031e-09
1.11529e-06;1.13925e-09
1.11578e-06;1.16264e-09
1.11627e-06;1.17727e-09
1.11676e-06;1.20117e-09
1.11725e-06;1.21183e-09
1.11773e-06;1.21030e-09
1.11822e-06;1.23660e-09
1.11871e-06;1.24252e-09
1.11920e-06;1.25740e-09
1.11969e-06;1.25512e-09
1.12018e-06;1.28196e-09
1.12067e-06;1.28045e-09
1.12116e-06;1.27725e-09
1.12164e-06;1.31271e-09
1.12213e-06;1.32555e-09
1.12262e-06;1.35953e-09
1.12311e-06;1.33549e-09
1.12360e-06;1.38372e-09
1.12409e-06;1.35638e-09
1.12458e-06;1.38376e-09
1.12507e-06;1.39979e-09
1.12555e-06;1.38810e-09
1.12604e-06;1.40514e-09
1.12653e-06;1.43718e-09
1.12702e-06;1.44828e-09
1.12751e-06;1.46553e-09
1.12800e-06;1.46392e-09
1.12849e-06;1.48324e-09
1.12898e-06;1.50283e-09
1.12946e-06;1.51769e-09
1.12995e-06;1.51685e-09
1.13044e-06;1.52952e-09
1.13093e-06;1.53045e-09
1.13142e-06;1.54796e-09
1.13191e-06;1.56159e-09
1.13240e-06;1.56924e-09
1.13289e-06;1.55107e-09
1.13337e-06;1.58114e-09
1.13386e-06;1.60575e-09
1.13435e-06;1.61765e-09
1.13484e-06;1.66534e-09
1.13533e-06;1.63423e-09
1.13582e-06;1.67041e-09
1.13631e-06;1.70844e-09
1.13680e-06;1.67612e-09
1.13728e-06;1.71630e-09
1.13777e-06;1.71113e-09
1.13826e-06;1.72163e-09
1.13875e-06;1.75023e-09
1.13924e-06;1.77491e-09
1.13973e-06;1.76868e-09
1.14022e-06;1.77213e-09
1.14071e-06;1.79476e-09
1.14119e-06;1.80459e-09
1.14168e-06;1.80467e-09
1.14217e-06;1.81614e-09
1.14266e-06;1.81511e-09
1.14315e-06;1.81061e-09
1.14364e-06;1.84158e-09
1.14413e-06;1.84508e-09
1.14462e-06;1.88431e-09
1.14510e-06;1.90952e-09
1.14559e-06;1.92902e-09
1.14608e-06;1.95445e-09
1.14657e-06;1.95725e-09
1.14706e-06;1.97839e-09
1.14755e-06;1.99213e-09
1.14804e-06;1.99246e-09
1.14852e-06;2.00011e-09
1.14901e-06;2.01602e-09
1.14950e-06;2.01723e-09
1.14999e-06;2.03443e-09
1.15048e-06;2.05607e-09
1.15097e-06;2.06132e-09
1.15146e-06;2.09661e-09
1.15195e-06;2.11225e-09
1.15243e-06;2.10962e-09
1.15292e-06;2.10641e-09
1.15341e-06;2.09238e-09
1.15390e-06;2.11833e-09
1.15439e-06;2.13751e-09
1.15488e-06;2.14145e-09
1.15537e-06;2.18124e-09
1.15586e-06;2.19783e-09
1.15634e-06;2.20630e-09
1.15683e-06;2.24059e-09
1.15732e-06;2.23093e-09
1.15781e-06;2.25306e-09
1.15830e-06;2.26094e-09
1.15879e-06;2.27806e-09
1.15928e-06;2.27836e-09
1.15977e-06;2.30741e-09
1.16025e-06;2.32130e-09
1.16074e-06;2.31318e-09
1.16123e-06;2.35364e-09
1.16172e-06;2.34713e-09
1.16221e-06;2.35466e-09
1.16270e-06;2.37400e-09
1.16319e-06;2.36657e-09
1.16368e-06;2.39632e-09
1.16416e-06;2.42036e-09
1.16465e-06;2.43743e-09
1.16514e-06;2.45689e-09
1.16563e-06;2.48198e-09
1.16612e-06;2.49142e-09
1.16661e-06;2.53413e-09
1.16710e-06;2.52839e-09
1.16759e-06;2.54456e-09
1.16807e-06;2.57366e-09
1.16856e-06;2.57472e-09
1.16905e-06;2.60195e-09
1.16954e-06;2.59711e-09
1.17003e-06;2.62473e-09
1.17052e-06;2.63774e-09
1.17101e-06;2.64841e-09
1.17150e-06;2.65138e-09
1.17198e-06;2.66865e-09
1.17247e-06;2.67544e-09
1.17296e-06;2.68703e-09
1.17345e-06;2.70251e-09
1.17394e-06;2.74988e-09
1.17443e-06;2.74852e-09
1.17492e-06;2.78530e-09
1.17541e-06;2.78258e-09
1.17589e-06;2.79130e-09
1.17638e-06;2.80592e-09
1.17687e-06;2.83682e-09
1.17736e-06;2.82824e-09
1.17785e-06;2.84320e-09
1.17834e-06;2.86788e-09
1.17883e-06;2.88236e-09
1.17932e-06;2.91475e-09
1.17980e-06;2.90893e-09
1.18029e-06;2.93746e-09
1.18078e-06;2.93145e-09
1.18127e-06;2.95145e-09
1.18176e-06;2.95832e-09
1.18225e-06;2.96682e-09
1.18274e-06;3.00024e-09
1.18323e-06;3.00223e-09
1.18371e-06;3.03152e-09
1.18420e-06;3.05569e-09
1.18469e-06;3.04225e-09
1.18518e-06;3.06978e-09
1.18567e-06;3.09372e-09
1.18616e-06;3.09569e-09
1.18665e-06;3.10035e-09
1.18714e-06;3.14948e-09
1.18762e-06;3.15146e-09
1.18811e-06;3.20316e-09
1.18860e-06;3.18436e-09
1.18909e-06;3.20761e-09
1.18958e-06;3.20646e-09
1.19007e-06;3.23076e-09
1.19056e-06;3.23941e-09
1.19104e-06;3.23065e-09
1.19153e-06;3.27498e-09
1.19202e-06;3.27919e-09
1.19251e-06;3.28759e-09
1.19300e-06;3.30660e-09
1.19349e-06;3.32252e-09
1.19398e-06;3.32458e-09
1.19447e-06;3.34657e-09
1.19495e-06;3.37367e-09
1.19544e-06;3.36935e-09
1.19593e-06;3.39705e-09
1.19642e-06;3.43264e-09
1.19691e-06;3.42887e-09
1.19740e-06;3.45826e-09
1.19789e-06;3.47577e-09
1.19838e-06;3.48837e-09
1.19886e-06;3.50927e-09
1.19935e-06;3.53339e-09
1.19984e-06;3.54092e-09
1.20033e-06;3.57799e-09
1.20082e-06;3.56723e-09
1.20131e-06;3.57372e-09
1.20180e-06;3.60661e-09
1.20229e-06;3.62402e-09
1.20277e-06;3.62602e-09
1.20326e-06;3.62000e-09
1.20375e-06;3.64375e-09
1.20424e-06;3.66428e-09
1.20473e-06;3.67251e-09
1.20522e-06;3.68910e-09
1.20571e-06;3.72435e-09
1.20620e-06;3.71336e-09
1.20668e-06;3.72392e-09
1.20717e-06;3.75473e-09
1.20766e-06;3.76345e-09
1.20815e-06;3.78975e-09
1.20864e-06;3.81800e-09
1.20913e-06;3.83915e-09
1.20962e-06;3.85326e-09
1.21011e-06;3.86566e-09
1.21059e-06;3.87482e-09
1.21108e-06;3.91369e-09
1.21157e-06;3.90261e-09
1.21206e-06;3.93090e-09
1.21255e-06;3.92534e-09
1.21304e-06;3.93535e-09
1.21353e-06;3.96777e-09
1.21402e-06;3.98082e-09
1.21450e-06;4.00860e-09
1.21499e-06;4.02915e-09
1.21548e-06;4.04247e-09
1.21597e-06;4.04620e-09
1.21646e-06;4.07757e-09
1.21695e-06;4.09413e-09
1.21744e-06;4.11259e-09
1.21793e-06;4.11791e-09
1.21841e-06;4.15699e-09
1.21890e-06;4.16571e-09
1.21939e-06;4.16351e-09
1.21988e-06;4.20794e-09
1.22037e-06;4.20249e-09
1.22086e-06;4.22231e-09
1.22135e-06;4.24235e-09
1.22184e-06;4.23330e-09
1.22232e-06;4.26797e-09
1.22281e-06;4.30100e-09
1.22330e-06;4.29327e-09
1.22379e-06;4.30944e-09
1.22428e-06;4.32230e-09
1.22477e-06;4.34443e-09
1.22526e-06;4.36448e-09
1.22575e-06;4.38731e-09
1.22623e-06;4.39852e-09
1.22672e-06;4.42152e-09
1.22721e-06;4.42807e-09
1.22770e-06;4.44234e-09
1.22819e-06;4.47944e-09
1.22868e-06;4.49714e-09
1.22917e-06;4.50430e-09
1.22965e-06;4.54253e-09
1.23014e-06;4.55815e-09
1.23063e-06;4.56604e-09
1.23112e-06;4.58314e-09
1.23161e-06;4.59239e-09
1.23210e-06;4.62114e-09
1.23259e-06;4.62094e-09
1.23308e-06;4.63883e-09
1.23356e-06;4.66118e-09
1.23405e-06;4.66562e-09
1.23454e-06;4.70171e-09
1.23503e-06;4.68140e-09
1.23552e-06;4.71890e-09
1.23601e-06;4.70056e-09
1.23650e-06;4.74659e-09
1.23699e-06;4.76890e-09
1.23747e-06;4.78038e-09
1.23796e-06;4.80681e-09
1.23845e-06;4.81333e-09
1.23894e-06;4.84013e-09
1.23943e-06;4.83783e-09
1.23992e-06;4.87201e-09
1.24041e-06;4.90388e-09
1.24090e-06;4.92400e-09
1.24138e-06;4.94342e-09
1.24187e-06;4.92866e-09
1.24236e-06;4.98204e-09
1.24285e-06;4.97755e-09
1.24334e-06;4.97940e-09
1.24383e-06;4.99237e-09
1.24432e-06;5.02799e-09
1.24481e-06;5.04174e-09
1.24529e-06;5.04785e-09
1.24578e-06;5.06879e-09
1.24627e-06;5.09967e-09
1.24676e-06;5.12356e-09
1.24725e-06;5.12845e-09
1.24774e-06;5.17138e-09
1.24823e-06;5.15572e-09
1.24872e-06;5.20375e-09
1.24920e-06;5.20083e-09
1.24969e-06;5.23260e-09
1.25018e-06;5.26055e-09
1.25067e-06;5.26518e-09
1.25116e-06;5.28785e-09
1.25165e-06;5.31236e-09
1.25214e-06;5.30521e-09
1.25263e-06;5.33367e-09
1.25311e-06;5.33683e-09
1.25360e-06;5.35873e-09
1.25409e-06;5.38577e-09
1.25458e-06;5.40150e-09
1.25507e-06;5.39359e-09
1.25556e-06;5.43165e-09
1.25605e-06;5.46296e-09
1.25654e-06;5.50756e-09
1.25702e-06;5.50785e-09
1.25751e-06;5.50957e-09
1.25800e-06;5.53895e-09
1.25849e-06;5.57046e-09
1.25898e-06;5.56639e-09
1.25947e-06;5.61724e-09
1.25996e-06;5.63672e-09
1.26045e-06;5.64737e-09
1.26093e-06;5.66114e-09
1.26142e-06;5.67584e-09
1.26191e-06;5.68562e-09
1.26240e-06;5.72128e-09
1.26289e-06;5.72049e-09
1.26338e-06;5.71903e-09
1.26387e-06;5.74913e-09
1.26436e-06;5.76926e-09
1.26484e-06;5.77836e-09
1.26533e-06;5.80096e-09
1.26582e-06;5.81605e-09
1.26631e-06;5.85984e-09
1.26680e-06;5.86107e-09
1.26729e-06;5.87963e-09
1.26778e-06;5.89595e-09
1.26826e-06;5.91368e-09
1.26875e-06;5.94158e-09
1.26924e-06;5.94250e-09
1.26973e-06;5.97355e-09
1.27022e-06;5.99182e-09
1.27071e-06;5.99778e-09
1.27120e-06;6.01537e-09
1.27169e-06;6.04031e-09
1.27217e-06;6.06672e-09
1.27266e-06;6.08120e-09
1.27315e-06;6.06415e-09
1.27364e-06;6.10991e-09
1.27413e-06;6.13667e-09
1.27462e-06;6.15799e-09
1.27511e-06;6.18167e-09
1.27560e-06;6.17919e-09
1.27608e-06;6.20486e-09
1.27657e-06;6.24290e-09
1.27706e-06;6.23557e-09
1.27755e-06;6.28935e-09
1.27804e-06;6.29479e-09
1.27853e-06;6.29258e-09
1.27902e-06;6.30302e-09
1.27951e-06;6.31578e-09
1.27999e-06;6.35588e-09
1.28048e-06;6.38142e-09
1.28097e-06;6.38951e-09
1.28146e-06;6.42763e-09
1.28195e-06;6.42393e-09
1.28244e-06;6.43030e-09
1.28293e-06;6.45530e-09
1.28342e-06;6.47891e-09
1.28390e-06;6.48857e-09
1.28439e-06;6.52056e-09
1.28488e-06;6.53183e-09
1.28537e-06;6.56140e-09
1.28586e-06;6.58211e-09
1.28635e-06;6.63254e-09
1.28684e-06;6.61647e-09
1.28733e-06;6.63305e-09
1.28781e-06;6.67186e-09
1.28830e-06;6.68060e-09
1.28879e-06;6.67367e-09
1.28928e-06;6.71681e-09
1.28977e-06;6.73452e-09
1.29026e-06;6.76929e-09
1.29075e-06;6.75503e-09
1.29124e-06;6.79359e-09
1.29172e-06;6.81777e-09
1.29221e-06;6.82844e-09
1.29270e-06;6.83313e-09
1.29319e-06;6.86351e-09
1.29368e-06;6.87645e-09
1.29417e-06;6.90420e-09
1.29466e-06;6.91864e-09
1.29515e-06;6.92590e-09
1.29563e-06;6.95109e-09
1.29612e-06;6.98275e-09
1.29661e-06;6.99307e-09
1.29710e-06;7.00504e-09
1.29759e-06;7.03031e-09
1.29808e-06;7.02967e-09
1.29857e-06;7.06519e-09
1.29906e-06;7.08971e-09
1.29954e-06;7.10200e-09
1.30003e-06;7.12450e-09
1.30052e-06;7.15905e-09
1.30101e-06;7.17182e-09
1.30150e-06;7.19941e-09
1.30199e-06;7.20942e-09
1.30248e-06;7.20608e-09
1.30297e-06;7.25187e-09
1.30345e-06;7.26567e-09
1.30394e-06;7.29149e-09
1.30443e-06;7.30116e-09
1.30492e-06;7.31844e-09
1.30541e-06;7.34768e-09
1.30590e-06;7.37751e-09
1.30639e-06;7.38752e-09
1.30688e-06;7.42178e-09
1.30736e-06;7.43242e-09
1.30785e-06;7.44023e-09
1.30834e-06;7.46278e-09
1.30883e-06;7.48943e-09
1.30932e-06;7.49339e-09
1.30981e-06;7.51397e-09
1.31030e-06;7.53218e-09
1.31078e-06;7.58390e-09
1.31127e-06;7.57404e-09
1.31176e-06;7.59351e-09
1.31225e-06;7.61618e-09
1.31274e-06;7.63126e-09
1.31323e-06;7.66064e-09
1.31372e-06;7.67177e-09
1.31421e-06;7.70102e-09
1.31469e-06;7.71393e-09
1.31518e-06;7.73854e-09
1.31567e-06;7.74542e-09
1.31616e-06;7.79433e-09
1.31665e-06;7.79592e-09
1.31714e-06;7.80846e-09
1.31763e-06;7.84134e-09
1.31812e-06;7.85031e-09
1.31860e-06;7.87347e-09
1.31909e-06;7.89264e-09
1.31958e-06;7.90816e-09
1.32007e-06;7.92450e-09
1.32056e-06;7.96017e-09
1.32105e-06;7.98077e-09
1.32154e-06;8.01463e-09
1.32203e-06;8.03802e-09
1.32251e-06;8.03577e-09
1.32300e-06;8.06415e-09
1.32349e-06;8.07580e-09
1.32398e-06;8.09145e-09
1.32447e-06;8.09382e-09
1.32496e-06;8.12819e-09
1.32545e-06;8.14385e-09
1.32594e-06;8.17266e-09
1.32642e-06;8.17846e-09
1.32691e-06;8.21264e-09
1.32740e-06;8.22420e-09
1.32789e-06;8.24439e-09
1.32838e-06;8.26892e-09
1.32887e-06;8.27870e-09
1.32936e-06;8.30467e-09
1.32985e-06;8.32575e-09
1.33033e-06;8.32131e-09
1.33082e-06;8.36509e-09
1.33131e-06;8.37769e-09
1.33180e-06;8.40579e-09
1.33229e-06;8.42827e-09
1.33278e-06;8.43775e-09
1.33327e-06;8.47117e-09
1.33376e-06;8.48514e-09
1.33424e-06;8.50285e-09
1.33473e-06;8.53334e-09
1.33522e-06;8.53559e-09
1.33571e-06;8.57212e-09
1.33620e-06;8.57225e-09
1.33669e-06;8.61016e-09
1.33718e-06;8.61534e-09
1.33767e-06;8.65121e-09
1.33815e-06;8.66435e-09
1.33864e-06;8.67798e-09
1.33913e-06;8.70000e-09
1.33962e-06;8.70558e-09
1.34011e-06;8.74967e-09
1.34060e-06;8.77715e-09
1.34109e-06;8.78147e-09
1.34158e-06;8.82714e-09
1.34206e-06;8.84058e-09
1.34255e-06;8.84245e-09
1.34304e-06;8.88683e-09
1.34353e-06;8.89681e-09
1.34402e-06;8.90415e-09
1.34451e-06;8.93094e-09
1.34500e-06;8.95124e-09
1.34549e-06;8.95843e-09
1.34597e-06;8.98809e-09
1.34646e-06;8.99686e-09
1.34695e-06;9.03428e-09
1.34744e-06;9.03883e-09
1.34793e-06;9.05768e-09
1.34842e-06;9.07692e-09
1.34891e-06;9.10765e-09
1.34939e-06;9.13255e-09
1.34988e-06;9.12243e-09
1.35037e-06;9.15997e-09
1.35086e-06;9.15585e-09
1.35135e-06;9.19453e-09
1.35184e-06;9.22010e-09
1.35233e-06;9.23732e-09
1.35282e-06;9.26864e-09
1.35330e-06;9.30457e-09
1.35379e-06;9.31645e-09
1.35428e-06;9.31842e-09
1.35477e-06;9.34093e-09
1.35526e-06;9.37771e-09
1.35575e-06;9.37429e-09
1.35624e-06;9.39715e-09
1.35673e-06;9.40185e-09
1.35721e-06;9.43266e-09
1.35770e-06;9.46224e-09
1.35819e-06;9.47653e-09
1.35868e-06;9.51259e-09
1.35917e-06;9.50630e-09
1.35966e-06;9.53245e-09
1.36015e-06;9.56695e-09
1.36064e-06;9.57336e-09
1.36112e-06;9.60207e-09
1.36161e-06;9.60708e-09
1.36210e-06;9.64195e-09
1.36259e-06;9.69138e-09
1.36308e-06;9.69809e-09
1.36357e-06;9.70917e-09
1.36406e-06;9.73116e-09
1.36455e-06;9.74914e-09
1.36503e-06;9.74653e-09
1.36552e-06;9.77090e-09
1.36601e-06;9.78390e-09
1.36650e-06;9.81195e-09
1.36699e-06;9.83825e-09
1.36748e-06;9.86057e-09
1.36797e-06;9.88489e-09
1.36846e-06;9.91673e-09
1.36894e-06;9.92458e-09
1.36943e-06;9.95766e-09
1.36992e-06;9.95742e-09
1.37041e-06;9.99661e-09
1.37090e-06;1.00104e-08
1.37139e-06;1.00226e-08
1.37188e-06;1.00634e-08
1.37237e-06;1.01088e-08
1.37285e-06;1.01079e-08
1.37334e-06;1.01396e-08
1.37383e-06;1.01558e-08
1.37432e-06;1.01723e-08
1.37481e-06;1.01743e-08
1.37530e-06;1.01936e-08
1.37579e-06;1.02252e-08
1.37628e-06;1.02357e-08
1.37676e-06;1.02479e-08
1.37725e-06;1.02896e-08
1.37774e-06;1.02962e-08
1.37823e-06;1.03133e-08
1.37872e-06;1.03345e-08
1.37921e-06;1.03585e-08
1.37970e-06;1.03726e-08
1.38019e-06;1.03959e-08
1.38067e-06;1.04489e-08
1.38116e-06;1.04591e-08
1.38165e-06;1.04963e-08
1.38214e-06;1.05037e-08
1.38263e-06;1.05327e-08
1.38312e-06;1.05497e-08
1.38361e-06;1.05684e-08
1.38410e-06;1.05650e-08
1.38458e-06;1.06226e-08
1.38507e-06;1.06350e-08
1.38556e-06;1.06195e-08
1.38605e-06;1.06608e-08
1.38654e-06;1.06673e-08
1.38703e-06;1.06644e-08
1.38752e-06;1.07084e-08
1.38800e-06;1.07296e-08
1.38849e-06;1.07215e-08
1.38898e-06;1.07594e-08
1.38947e-06;1.07937e-08
1.38996e-06;1.08144e-08
1.39045e-06;1.08303e-08
1.39094e-06;1.08599e-08
1.39143e-06;1.08985e-08
1.39191e-06;1.09121e-08
1.39240e-06;1.09283e-08
1.39289e-06;1.09588e-08
1.39338e-06;1.09616e-08
1.39387e-06;1.09928e-08
1.39436e-06;1.10080e-08
1.39485e-06;1.10078e-08
1.39534e-06;1.10372e-08
1.39582e-06;1.10620e-08
1.39631e-06;1.10830e-08
1.39680e-06;1.10865e-08
1.39729e-06;1.11272e-08
1.39778e-06;1.11292e-08
1.39827e-06;1.11507e-08
1.39876e-06;1.11782e-08
1.39925e-06;1.11821e-08
1.39973e-06;1.12057e-08
1.40022e-06;1.12381e-08
1.40071e-06;1.12690e-08
1.40120e-06;1.12914e-08
1.40169e-06;1.13314e-08
1.40218e-06;1.13450e-08
1.40267e-06;1.13784e-08
1.40316e-06;1.13900e-08
1.40364e-06;1.14343e-08
1.40413e-06;1.14210e-08
1.40462e-06;1.14467e-08
1.40511e-06;1.14826e-08
1.40560e-06;1.14821e-08
1.40609e-06;1.15198e-08
1.40658e-06;1.15362e-08
1.40707e-06;1.15553e-08
1.40755e-06;1.15712e-08
1.40804e-06;1.15740e-08
1.40853e-06;1.16009e-08
1.40902e-06;1.16278e-08
1.40951e-06;1.16519e-08
1.41000e-06;1.16743e-08
1.41049e-06;1.16868e-08
1.41098e-06;1.17217e-08
1.41146e-06;1.17377e-08
1.41195e-06;1.17606e-08
1.41244e-06;1.17852e-08
1.41293e-06;1.17988e-08
1.41342e-06;1.18147e-08
1.41391e-06;1.18439e-08
1.41440e-06;1.18617e-08
1.41489e-06;1.18811e-08
1.41537e-06;1.19068e-08
1.41586e-06;1.19146e-08
1.41635e-06;1.19592e-08
1.41684e-06;1.19660e-08
1.41733e-06;1.19843e-08
1.41782e-06;1.19969e-08
1.41831e-06;1.20302e-08
1.41880e-06;1.20372e-08
1.41928e-06;1.20734e-08
1.41977e-06;1.20867e-08
1.42026e-06;1.21240e-08
1.42075e-06;1.21374e-08
1.42124e-06;1.21498e-08
1.42173e-06;1.22015e-08
1.42222e-06;1.22162e-08
1.42271e-06;1.22291e-08
1.42319e-06;1.22366e-08
1.42368e-06;1.22855e-08
1.42417e-06;1.23007e-08
1.42466e-06;1.23145e-08
1.42515e-06;1.23440e-08
1.42564e-06;1.23456e-08
1.42613e-06;1.23824e-08
1.42662e-06;1.24045e-08
1.42710e-06;1.24083e-08
1.42759e-06;1.24504e-08
1.42808e-06;1.24600e-08
1.42857e-06;1.25044e-08
1.42906e-06;1.25232e-08
1.42955e-06;1.25365e-08
1.43004e-06;1.25713e-08
1.43052e-06;1.25485e-08
1.43101e-06;1.25972e-08
1.43150e-06;1.26180e-08
1.43199e-06;1.26507e-08
1.43248e-06;1.26735e-08
1.43297e-06;1.26995e-08
1.43346e-06;1.27071e-08
1.43395e-06;1.27323e-08
1.43443e-06;1.27572e-08
1.43492e-06;1.27598e-08
1.43541e-06;1.28044e-08
1.43590e-06;1.28333e-08
1.43639e-06;1.28232e-08
1.43688e-06;1.28464e-08
1.43737e-06;1.28767e-08
1.43786e-06;1.28917e-08
1.43834e-06;1.29206e-08
1.43883e-06;1.29432e-08
1.43932e-06;1.29462e-08
1.43981e-06;1.29677e-08
1.44030e-06;1.29828e-08
1.44079e-06;1.30329e-08
1.44128e-06;1.30694e-08
1.44177e-06;1.30649e-08
1.44225e-06;1.30874e-08
1.44274e-06;1.31061e-08
1.44323e-06;1.31447e-08
1.44372e-06;1.31351e-08
1.44421e-06;1.31830e-08
1.44470e-06;1.31937e-08
1.44519e-06;1.32219e-08
1.44568e-06;1.32456e-08
1.44616e-06;1.32662e-08
1.44665e-06;1.32786e-08
1.44714e-06;1.33197e-08
1.44763e-06;1.33182e-08
1.44812e-06;1.33531e-08
1.44861e-06;1.33802e-08
1.44910e-06;1.33847e-08
1.44959e-06;1.34006e-08
1.45007e-06;1.34239e-08
1.45056e-06;1.34382e-08
1.45105e-06;1.34586e-08
1.45154e-06;1.34754e-08
1.45203e-06;1.35055e-08
1.45252e-06;1.35246e-08
1.45301e-06;1.35628e-08
1.45350e-06;1.35804e-08
1.45398e-06;1.36082e-08
1.45447e-06;1.36269e-08
1.45496e-06;1.36522e-08
1.45545e-06;1.36773e-08
1.45594e-06;1.37130e-08
1.45643e-06;1.37265e-08
1.45692e-06;1.37332e-08
1.45741e-06;1.37652e-08
1.45789e-06;1.37945e-08
1.45838e-06;1.38110e-08
1.45887e-06;1.38257e-08
1.45936e-06;1.38394e-08
1.45985e-06;1.38493e-08
1.46034e-06;1.38753e-08
1.46083e-06;1.38942e-08
1.46132e-06;1.39235e-08
1.46180e-06;1.39532e-08
1.46229e-06;1.39816e-08
1.46278e-06;1.40140e-08
1.46327e-06;1.40301e-08
1.46376e-06;1.40436e-08
1.46425e-06;1.40723e-08
1.46474e-06;1.40841e-08
1.46523e-06;1.41187e-08
1.46571e-06;1.41224e-08
1.46620e-06;1.41437e-08
1.46669e-06;1.41770e-08
1.46718e-06;1.41965e-08
1.46767e-06;1.42047e-08
1.46816e-06;1.42294e-08
1.46865e-06;1.42566e-08
1.46913e-06;1.42723e-08
1.46962e-06;1.42765e-08
1.47011e-06;1.43097e-08
1.47060e-06;1.43425e-08
1.47109e-06;1.43595e-08
1.47158e-06;1.43896e-08
1.47207e-06;1.44166e-08
1.47256e-06;1.44298e-08
1.47304e-06;1.44721e-08
1.47353e-06;1.44834e-08
1.47402e-06;1.45293e-08
1.47451e-06;1.45257e-08
1.47500e-06;1.45679e-08
1.47549e-06;1.45819e-08
1.47598e-06;1.45953e-08
1.47647e-06;1.46328e-08
1.47695e-06;1.46495e-08
1.47744e-06;1.46781e-08
1.47793e-06;1.46657e-08
1.47842e-06;1.47050e-08
1.47891e-06;1.47075e-08
1.47940e-06;1.47440e-08
1.47989e-06;1.47489e-08
1.48038e-06;1.47796e-08
1.48086e-06;1.47943e-08
1.48135e-06;1.48356e-08
1.48184e-06;1.48663e-08
1.48233e-06;1.48835e-08
1.48282e-06;1.49050e-08
1.48331e-06;1.49331e-08
1.48380e-06;1.49504e-08
